kmer,count,relative_frequency
TG,3,0.187500
AT,2,0.125000
CC,2,0.125000
GT,2,0.125000
TC,2,0.125000
TT,2,0.125000
AA,1,0.062500
CA,1,0.062500
CT,1,0.062500
AC,0,0.000000
AG,0,0.000000
CG,0,0.000000
GA,0,0.000000
GC,0,0.000000
GG,0,0.000000
TA,0,0.000000
